Recipient Email,Issued To First Name,Issued To Middle Name,Issued To Last Name,Badge Template ID
allenng@buffalo.edu,Allen, ,NG,605608ea-8467-43a4-9236-715ceb0edbf4
jovanka.gulicoska@gmail.com,Jovanka, ,Gulicoska,605608ea-8467-43a4-9236-715ceb0edbf4
szlaci83@gmail.com,Laszlo, ,Szoboszlai,605608ea-8467-43a4-9236-715ceb0edbf4
bentm15@students.ecu.edu,Matthew, ,Franklin Bent,605608ea-8467-43a4-9236-715ceb0edbf4
starrr07@students.ecu.edu,Robert, ,Edward Starr,605608ea-8467-43a4-9236-715ceb0edbf4
wind@studserv.uni-leipzig.de,Sebastian, ,Wind,605608ea-8467-43a4-9236-715ceb0edbf4
tmhoang@flatglobe.org,Tuan, ,HOANG,605608ea-8467-43a4-9236-715ceb0edbf4
akanksha.dlf@gmail.com ,Akanksha, ,Srivastava,605608ea-8467-43a4-9236-715ceb0edbf4
amitkumarj441@gmail.com,Amit, ,Kumar Jaiswal,605608ea-8467-43a4-9236-715ceb0edbf4
artminser@gmail.com ,Artem, ,Minin,605608ea-8467-43a4-9236-715ceb0edbf4
isongidio@gmail.com ,Isong, ,Idio,605608ea-8467-43a4-9236-715ceb0edbf4
klee160@illinois.edu,Kevin, ,Lee,605608ea-8467-43a4-9236-715ceb0edbf4
oaepps@aggies.ncat.edu,Octavia, ,Epps,605608ea-8467-43a4-9236-715ceb0edbf4
miner@aggies.ncat.edu ,Roy, ,Miner,605608ea-8467-43a4-9236-715ceb0edbf4
rohitsakala@gmail.com,Sakala Venkata, ,Krishna Rohit,605608ea-8467-43a4-9236-715ceb0edbf4
asish.0512@gmail.com,Asish, ,Varanasi,605608ea-8467-43a4-9236-715ceb0edbf4
jayadityagupta11@gmail.com,Jayaditya, ,Gupta,605608ea-8467-43a4-9236-715ceb0edbf4
keerukeerthana8@gmail.com,Keerthana, ,Selvakumar,605608ea-8467-43a4-9236-715ceb0edbf4
emohit.bnsl@gmail.com,Mohit, ,Bansal,605608ea-8467-43a4-9236-715ceb0edbf4
rajula96reddy@gmail.com,Rajula, ,Vineet Reddy,605608ea-8467-43a4-9236-715ceb0edbf4
rusrushal13@gmail.com,Rushal, ,Verma,605608ea-8467-43a4-9236-715ceb0edbf4
shashank.motepalli@gmail.com,Shashank, ,Motepalli,605608ea-8467-43a4-9236-715ceb0edbf4
jaiswalshikhar87@gmail.com,Shikhar, ,Jaiswal,605608ea-8467-43a4-9236-715ceb0edbf4
uhaider.msee15seecs@seecs.edu.pk,Usman, ,Haider,605608ea-8467-43a4-9236-715ceb0edbf4
ydjainopensource@gmail.com,Yash, ,Jain,605608ea-8467-43a4-9236-715ceb0edbf4
tripathi.kautilya@gmail.com,Kautilya, ,Tripathi,605608ea-8467-43a4-9236-715ceb0edbf4
naveennaidu479@gmail.com,Naveen, ,Naidu,605608ea-8467-43a4-9236-715ceb0edbf4
padvani@scu.edu,Priyanka, ,Advani ,605608ea-8467-43a4-9236-715ceb0edbf4
shivams2799@gmail.com,Shivam, ,Singhal,605608ea-8467-43a4-9236-715ceb0edbf4
2016.sladyn.nunes@ves.ac.in,Sladyn, ,Nunes,605608ea-8467-43a4-9236-715ceb0edbf4
vedarth.sharma@gmail.com,Vedarth, ,Sharma,605608ea-8467-43a4-9236-715ceb0edbf4
dpsinkovicz@gmail.com,Dan, ,Pavel Sinkovicz,605608ea-8467-43a4-9236-715ceb0edbf4
akayeshmantha@gmail.com,Ayeshmantha, ,Perera,605608ea-8467-43a4-9236-715ceb0edbf4
aj4ayushjain@gmail.com,Ayush, ,Jain,605608ea-8467-43a4-9236-715ceb0edbf4
ayush.shridhar1999@gmail.com,Ayush, ,Shidhar,605608ea-8467-43a4-9236-715ceb0edbf4
dk1063167695@gmail.com,Kai, ,Wong,605608ea-8467-43a4-9236-715ceb0edbf4
miteshgoplani@gmail.com,Mitesh, ,Goplani,605608ea-8467-43a4-9236-715ceb0edbf4
parth1989shandilya@gmail.com,Parth, ,Shandilya,605608ea-8467-43a4-9236-715ceb0edbf4
masquerade0097@gmail.com,Priyanshu, ,Khandelwal,605608ea-8467-43a4-9236-715ceb0edbf4
salis7897@gmail.com,Salisu, ,Ali,605608ea-8467-43a4-9236-715ceb0edbf4
ahmedeid6422@gmail.com,Ahmed, ,Eid,605608ea-8467-43a4-9236-715ceb0edbf4
divyadeepti2000@gmail.com,Divya, ,Goswami,605608ea-8467-43a4-9236-715ceb0edbf4
hartanto@securitypuppy.com      ,Hartanto, ,Ario Widjaya,605608ea-8467-43a4-9236-715ceb0edbf4
indranilm256@gmail.com,Indranil, ,Mandal,605608ea-8467-43a4-9236-715ceb0edbf4
innociousbliss@gmail.com        ,Innocent, ,Onwukanjo,605608ea-8467-43a4-9236-715ceb0edbf4
fogusj@oregonstate.edu,Joshua, ,Fogus,605608ea-8467-43a4-9236-715ceb0edbf4
krushnalpatel11@gmail.com,Krushnal, ,Patel,605608ea-8467-43a4-9236-715ceb0edbf4
97malimi@gmail.com,Michal, ,Malik,605608ea-8467-43a4-9236-715ceb0edbf4
mammanali8228@gmail.com,Muhammid, ,Ali,605608ea-8467-43a4-9236-715ceb0edbf4
nikunjgoyal31@gmail.com,Nikunj, ,Goyal,605608ea-8467-43a4-9236-715ceb0edbf4
devsaurabhraj@gmail.com,Saurabh, ,Raj,605608ea-8467-43a4-9236-715ceb0edbf4
sudhanshu.thethunder@gmail.com,Sudhanshu, ,Dubey,605608ea-8467-43a4-9236-715ceb0edbf4
swetank199@gmail.com,Swetank, ,Swetank,605608ea-8467-43a4-9236-715ceb0edbf4
tyeg98@gmail.com,Tye, ,Glenz,605608ea-8467-43a4-9236-715ceb0edbf4
gregory.o.richard@gmail.com,Richard, ,Gregory,605608ea-8467-43a4-9236-715ceb0edbf4
contact.sarthakjain@gmail.com,Sarthak, ,Jain,605608ea-8467-43a4-9236-715ceb0edbf4
shashwatjaiswal2001@gmail.com,Shashwat, ,Jaiswal,605608ea-8467-43a4-9236-715ceb0edbf4
arsh31pratap01@gmail.com,Arsh, ,Pratap,605608ea-8467-43a4-9236-715ceb0edbf4
sainatharao@gmail.com,Sri Sai Natha, ,Pathange,605608ea-8467-43a4-9236-715ceb0edbf4
rmoreno137285@me.bergen.edu,Rene, ,Bulnes,605608ea-8467-43a4-9236-715ceb0edbf4
jchen501@asu.edu,Jiaqing, ,Chen,605608ea-8467-43a4-9236-715ceb0edbf4
wei.sun@rutgers.edu,Wei, ,Sun,605608ea-8467-43a4-9236-715ceb0edbf4
theotiiso@gmail.com,Tiiso, ,Senosha,605608ea-8467-43a4-9236-715ceb0edbf4
salis7897@gmail.com,Salisu, ,Ali,605608ea-8467-43a4-9236-715ceb0edbf4
adityabisht64@gmail.com,Aditya, ,Bisht,605608ea-8467-43a4-9236-715ceb0edbf4
soumik.dutta.cse20@itbhu.ac.in,Soumik, ,Dutta,605608ea-8467-43a4-9236-715ceb0edbf4
pandeyjatin47@gmail.com,Jatin, ,Pandey,605608ea-8467-43a4-9236-715ceb0edbf4
misrayashasvi@gmail.com,Yashasvi, ,Misra,605608ea-8467-43a4-9236-715ceb0edbf4
sidharthbh8@gmail.com,Sidharth, ,Bhardwaj,605608ea-8467-43a4-9236-715ceb0edbf4
sidmohanty11@gmail.com,Sidharth, ,Mohanty,605608ea-8467-43a4-9236-715ceb0edbf4
jameskostrewski@gmail.com,James, ,Kostrewski,605608ea-8467-43a4-9236-715ceb0edbf4
anguyen2023@tamu.edu,Anh, ,Nguyen,605608ea-8467-43a4-9236-715ceb0edbf4
aadityasinha009@gmail.com,Aaditya, ,Sinha,605608ea-8467-43a4-9236-715ceb0edbf4
isaacto606@gmail.com,Isaac, ,To,605608ea-8467-43a4-9236-715ceb0edbf4
princeesingh215@gmail.com,Prince, ,Singh,605608ea-8467-43a4-9236-715ceb0edbf4
ashishami2002@gmail.com,Ashis, ,Kumar Naik,605608ea-8467-43a4-9236-715ceb0edbf4
priyanshmehta61@gmail.com,Priyansh, ,Mehta,605608ea-8467-43a4-9236-715ceb0edbf4
abdulsamadsid1@gmail.com,Abdul, ,Samad Siddiqui,605608ea-8467-43a4-9236-715ceb0edbf4
aashishkhatri809@gmail.com,Ashish, ,Khatri,605608ea-8467-43a4-9236-715ceb0edbf4
swrao21@gmail.com,Swathi, ,Rao,605608ea-8467-43a4-9236-715ceb0edbf4
arnavkhan4343@gmail.com,Rahat, ,Khan,605608ea-8467-43a4-9236-715ceb0edbf4
mahatorituraj150@gmail.com,Rituraj, ,Mahato,605608ea-8467-43a4-9236-715ceb0edbf4
aazamthakur@gmail.com,Aazam, ,Thakur,605608ea-8467-43a4-9236-715ceb0edbf4
dhruvj797@gmail.com,Dhruv, ,Jain,605608ea-8467-43a4-9236-715ceb0edbf4
apurvsonawane28@gmail.com,Apurv, ,Sonawane,605608ea-8467-43a4-9236-715ceb0edbf4
okolieblessing290@gmail.com,Maryblessing, ,Okolie,605608ea-8467-43a4-9236-715ceb0edbf4
kanhaiyayadav9999@gmail.com,Kanhaiya, ,Yadav,605608ea-8467-43a4-9236-715ceb0edbf4
ziglicis@gmail.com,Zigurds, ,Licis,605608ea-8467-43a4-9236-715ceb0edbf4
krishij03@gmail.com,Krishi, ,Jain,605608ea-8467-43a4-9236-715ceb0edbf4
raiaditi449@gmail.com,Aditi, ,Rai,605608ea-8467-43a4-9236-715ceb0edbf4
atm17871@gmail.com,Ali, ,Mohamed,605608ea-8467-43a4-9236-715ceb0edbf4
deveshigurgaon@gmail.com,Deveshi, ,Dwivedi,605608ea-8467-43a4-9236-715ceb0edbf4
atharvakanherkar25@gmail.com,Atharva, ,Kanherkar,605608ea-8467-43a4-9236-715ceb0edbf4
sunyiran0817@gmail.com,Jerry, ,Sun,605608ea-8467-43a4-9236-715ceb0edbf4
parchawla245@gmail.com,Paras, ,Chawla,605608ea-8467-43a4-9236-715ceb0edbf4
atharramzan.ofi@gmail.com,Athar, ,Ramzan,605608ea-8467-43a4-9236-715ceb0edbf4
tasneemmohammed098@gmail.com,Tasneem, ,Mohammed,605608ea-8467-43a4-9236-715ceb0edbf4
advithkrishnan@gmail.com,Advith, ,Krishnan,605608ea-8467-43a4-9236-715ceb0edbf4
divijs75@gmail.com,Divij, ,Sharma,605608ea-8467-43a4-9236-715ceb0edbf4
rohansen856@gmail.com,Rohan, ,Sen,605608ea-8467-43a4-9236-715ceb0edbf4
ojuschugh@gmail.com,Ojus, ,Chugh,605608ea-8467-43a4-9236-715ceb0edbf4
meena.hgmd@gmail.com,Meena, ,Chand,605608ea-8467-43a4-9236-715ceb0edbf4
yetundeobakeye@gmail.com,Yetunde, ,Obakeye,605608ea-8467-43a4-9236-715ceb0edbf4
avijay.aditya.mec22@itbhu.ac.in,A Vijay, ,Aditya,605608ea-8467-43a4-9236-715ceb0edbf4
anshucodes4u@gmail.com,Anshu, ,Saini,605608ea-8467-43a4-9236-715ceb0edbf4
amrutha.r.student@saveetha.ac.in,Amrutha, ,Rajsheker,605608ea-8467-43a4-9236-715ceb0edbf4
utz.bacher@de.ibm.com,Utz, ,Bacher,e495816c-8320-48d0-8bd1-78457baf4b98
vpaprots@ca.ibm.com,Volodymyr, ,Paprotski,e495816c-8320-48d0-8bd1-78457baf4b98
Nathan.Roberts@ca.com,Nathan, ,Roberts,e495816c-8320-48d0-8bd1-78457baf4b98
Robert.Bennett@ca.com,Robert, ,Bennett,e495816c-8320-48d0-8bd1-78457baf4b98
Kevin.BonnerII@ca.com,Kevin, ,Bonner-II,e495816c-8320-48d0-8bd1-78457baf4b98
Louis.Vuono@ca.com,Louis, ,Vuono,e495816c-8320-48d0-8bd1-78457baf4b98
viovanov@suse.com,Vlad, ,Lovanov,e495816c-8320-48d0-8bd1-78457baf4b98
rmt@casita.net,Rick, ,Troth,e495816c-8320-48d0-8bd1-78457baf4b98
mikef@suse.com,Mike, ,Friesenegger,e495816c-8320-48d0-8bd1-78457baf4b98
Wolfgang.Engel@suse.com,Wolfgang, ,Engel,e495816c-8320-48d0-8bd1-78457baf4b98
p.novotny@ibm.com,Petr, ,Novotny,e495816c-8320-48d0-8bd1-78457baf4b98
abdir@us.ibm.com ,Mohammad, ,Abdirashid,e495816c-8320-48d0-8bd1-78457baf4b98
caffreyj@us.ibm.com ,James, ,Caffrey,e495816c-8320-48d0-8bd1-78457baf4b98
LSantalucia@vicominfinity.com,Len, ,Santalucia,e495816c-8320-48d0-8bd1-78457baf4b98
rsrufus@ncat.edu ,Rahmira, ,Rufus,e495816c-8320-48d0-8bd1-78457baf4b98
gongsu@us.ibm.com ,Gong, ,Su,e495816c-8320-48d0-8bd1-78457baf4b98
jichenjc@cn.ibm.com ,Ji, ,Chen,e495816c-8320-48d0-8bd1-78457baf4b98
edelsohn@us.ibm.com ,David, ,Edelsohn,e495816c-8320-48d0-8bd1-78457baf4b98
engd@us.ibm.com,Donna, ,Dillenberger,e495816c-8320-48d0-8bd1-78457baf4b98
jinxiong@us.ibm.com,Jin, ,VanStee,e495816c-8320-48d0-8bd1-78457baf4b98
sharkcz@fedoraproject.org,Dan, ,Horák,e495816c-8320-48d0-8bd1-78457baf4b98
dahlbergra@vcu.edu ,Bob, ,Dahlberg,e495816c-8320-48d0-8bd1-78457baf4b98
neale@sinenomine.net,Neale, ,Ferguson,e495816c-8320-48d0-8bd1-78457baf4b98
matt@hogstrom.org,Matt, ,Hogstrom,e495816c-8320-48d0-8bd1-78457baf4b98
wchurch@us.ibm.com,Walter, ,Church,e495816c-8320-48d0-8bd1-78457baf4b98
michael.bauer2@broadcom.com,Michael, ,Bauer,e495816c-8320-48d0-8bd1-78457baf4b98
Sudharsana.Srinivasan@ibm.com,Sudharsana, ,Srinivasan,e495816c-8320-48d0-8bd1-78457baf4b98
Misty.Decker@microfocus.com,Misty, ,Decker,e495816c-8320-48d0-8bd1-78457baf4b98
gary.evans@microfocus.com,Gary, ,Evans,e495816c-8320-48d0-8bd1-78457baf4b98
guy.sofer@microfocus.com,Guy, ,Sofer,e495816c-8320-48d0-8bd1-78457baf4b98
Lauren.valenti@Broadcom.com,Lauren, ,Valenti,e495816c-8320-48d0-8bd1-78457baf4b98
Jerry.Edgington@WesternSouthern.com,Jerry, ,Edgington,e495816c-8320-48d0-8bd1-78457baf4b98
lyz@ibm.com,Elizabeth, ,Joseph,e495816c-8320-48d0-8bd1-78457baf4b98
carson.cook@ibm.com,Carson, ,Cook,e495816c-8320-48d0-8bd1-78457baf4b98
pavlin.zahariev@broadcom.com,Pavlin, ,Zahariev,e495816c-8320-48d0-8bd1-78457baf4b98
tomas.cech@broadcom.com,Tomas, ,Cech,e495816c-8320-48d0-8bd1-78457baf4b98
daniel.kelosky@broadcom.com,Daniel, ,Kelosky,e495816c-8320-48d0-8bd1-78457baf4b98
winchest@uk.ibm.com,Joe, ,Winchester,e495816c-8320-48d0-8bd1-78457baf4b98
hongmin@us.ibm.com ,Hong, ,Min,e495816c-8320-48d0-8bd1-78457baf4b98
jlinardon@rocketsoftware.com ,Jean-Philippe, ,Linardon,e495816c-8320-48d0-8bd1-78457baf4b98
sgrady@rocketsoftware.com ,Sean, ,Grady,e495816c-8320-48d0-8bd1-78457baf4b98
ykimvicom@gmail.com ,Yongkook(Alex), ,Kim,e495816c-8320-48d0-8bd1-78457baf4b98
VTerrone@vicominfinity.com ,Vincent, ,Terrone,e495816c-8320-48d0-8bd1-78457baf4b98
bruno.azenha@redhat.com,Bruno, ,Azenha,e495816c-8320-48d0-8bd1-78457baf4b98
mistyvdecker@gmail.com,Misty, ,Decker,e495816c-8320-48d0-8bd1-78457baf4b98
madongma@cn.ibm.com,Dong, ,Ma,e495816c-8320-48d0-8bd1-78457baf4b98
EBischoff@suse.com,Eric, ,Bischoff,e495816c-8320-48d0-8bd1-78457baf4b98
Jade.Carino@ibm.com,Jade, ,Carino,e495816c-8320-48d0-8bd1-78457baf4b98
mike_cobbett@uk.ibm.com,Mike, ,Cobbett,e495816c-8320-48d0-8bd1-78457baf4b98
divyadeepti2000@gmail.com,Divya, ,Goswami,e495816c-8320-48d0-8bd1-78457baf4b98
john.lovettjr@broadcom.com,JJ, ,Lovett,e495816c-8320-48d0-8bd1-78457baf4b98
divergenteuropeans@gmail.com,Leanid, ,Astrakou,e495816c-8320-48d0-8bd1-78457baf4b98
Fernando.Zangari@Kyndryl.com,Fernando, ,Zangari,e495816c-8320-48d0-8bd1-78457baf4b98
Joe.Carlisle@hitachivantara.com,Joe, ,Carlisle,e495816c-8320-48d0-8bd1-78457baf4b98
jakub@balhar.net,Jakub, ,Balhar,e495816c-8320-48d0-8bd1-78457baf4b98
francesco.giordano@broadcom.com,Frank, ,Giordano,e495816c-8320-48d0-8bd1-78457baf4b98
sgrady@rocketsoftware.com,Sean, ,Grady,e495816c-8320-48d0-8bd1-78457baf4b98
timothy.johnson@broadcom.com,Timothy, ,Johnson,e495816c-8320-48d0-8bd1-78457baf4b98
fernando.rijocedeno@broadcom.com,Fernando, ,Cedeno,e495816c-8320-48d0-8bd1-78457baf4b98
ruc@bankdata.dk,Rune, ,Christensen,e495816c-8320-48d0-8bd1-78457baf4b98
arsh31pratap01@gmail.com,Arsh, ,Pratap,e495816c-8320-48d0-8bd1-78457baf4b98
lezbrwd@aol.com,Lezlie, ,Browder,e495816c-8320-48d0-8bd1-78457baf4b98
hartanto@securitypuppy.com,Hartanto, ,Ario Widjaya,e495816c-8320-48d0-8bd1-78457baf4b98
andrewsi@us.ibm.com,Andrew, ,Sica,e495816c-8320-48d0-8bd1-78457baf4b98
gongsu@us.ibm.com,Gong, ,Su,e495816c-8320-48d0-8bd1-78457baf4b98
justin.santer@convergetp.com,Justin, ,Santer,e495816c-8320-48d0-8bd1-78457baf4b98
francesco.giordano@broadcom.com,Frank, ,Giordano,e495816c-8320-48d0-8bd1-78457baf4b98
aazamthakur@gmail.com,Aazam, ,Thankur,e495816c-8320-48d0-8bd1-78457baf4b98
itodorov@ca.ibm.com,Igor, ,Todorovski,e495816c-8320-48d0-8bd1-78457baf4b98
Michael.Bauer2@broadcom.com,Michael, ,Bauer,e495816c-8320-48d0-8bd1-78457baf4b98
nanxi.meng@broadcom.com,Nanxi, ,Meng,e495816c-8320-48d0-8bd1-78457baf4b98
sachin.t@ibm.com,Sachin, ,T,e495816c-8320-48d0-8bd1-78457baf4b98
suresh.tadisetty@gmail.com,Suresh, ,Tadisetty,e495816c-8320-48d0-8bd1-78457baf4b98
vinu.viswasadhas@kyndryl.com,Vinu, ,Viswasadhas,e495816c-8320-48d0-8bd1-78457baf4b98
joe.carlisle@hitachivantara.com,Joe, ,Carlisle,e495816c-8320-48d0-8bd1-78457baf4b98
krishij03@gmail.com,Krishi, ,Jain,e495816c-8320-48d0-8bd1-78457baf4b98
bazenha@redhat.com,Bruno, ,Azenha,e495816c-8320-48d0-8bd1-78457baf4b98
Eamonn.Mansour@ibm.com,Eamonn, ,Mansour,e495816c-8320-48d0-8bd1-78457baf4b98
ebischoff@suse.com,Eric, ,Bischoff,e495816c-8320-48d0-8bd1-78457baf4b98
john.lovettjr@broadcom.com,J. J., ,Lovett,e495816c-8320-48d0-8bd1-78457baf4b98
jhbmac@pobox.com,Jeff, ,Brown,e495816c-8320-48d0-8bd1-78457baf4b98
lauren.valenti@broadcom.com,Lauren, ,Valenti,e495816c-8320-48d0-8bd1-78457baf4b98
mike99mac@gmail.com,Michael, ,MacIsaac,e495816c-8320-48d0-8bd1-78457baf4b98
mike_cobbett@uk.ibm.com,Mike, ,Cobbett,e495816c-8320-48d0-8bd1-78457baf4b98
mikef@suse.com,Mike, ,Friesenegger,e495816c-8320-48d0-8bd1-78457baf4b98
mistyvdecker@gmail.com,Misty, ,Decker,e495816c-8320-48d0-8bd1-78457baf4b98
sudharsana.srinivasan@ibm.com,Sudharsana, ,Srinivasan,e495816c-8320-48d0-8bd1-78457baf4b98
zoran.krleza@gmail.com,Zoran, ,Krleza,e495816c-8320-48d0-8bd1-78457baf4b98